{"a": [0.1341802179813385, 0.6987388134002686, 0.002079259604215622], "s": [0.18762589991092682, 0.7274975776672363, -0.005433783400803804], "d": [0.24024073779582977, 0.7349794507026672, -0.02759718894958496], "f": [0.2879064679145813, 0.7111214399337769, -0.03340950235724449]}