{"a": [0.1537255197763443, 0.6365622282028198, -0.0037408710923045874], "s": [0.2064564824104309, 0.6661946177482605, -0.009630496613681316], "d": [0.26038670539855957, 0.6660463213920593, -0.0415765643119812], "f": [0.30509454011917114, 0.6437647938728333, -0.04817575961351395]}