{
  "j": [0.43187347054481506, 0.5592798590660095, -0.024915846064686775],
  "k": [0.4562363624572754, 0.5771857500076294, -0.011383099481463432],
  "l": [0.49061867594718933, 0.5915895700454712, -0.008488140068948269],
  "a": [0.21897026896476746, 0.5572552680969238, -0.003836682764813304],
  "s": [0.2595427632331848, 0.5798551440238953, -0.014533936977386475],
  "d": [0.29651591181755066, 0.5775630474090576, -0.03436599671840668],
  "f": [0.329656183719635, 0.5700438022613525, -0.03934266045689583]
}
