{
    "f": [
        0.4772360622882843,
        0.5723699927330017,
        -0.15030790865421295
    ],
    "d": [
        0.4474216103553772,
        0.5926514863967896,
        -0.17723143100738525
    ],
    "s": [
        0.40909573435783386,
        0.5949440598487854,
        -0.15606249868869781
    ],
    "a": [
        0.3664681017398834,
        0.5671359896659851,
        -0.11901101469993591
    ],
    "j": [
        0.5849090814590454,
        0.5705304145812988,
        -0.15562954545021057
    ],
    "k": [
        0.6222015023231506,
        0.5957297682762146,
        -0.1790958046913147
    ],
    "l": [
        0.6559678912162781,
        0.5871602296829224,
        -0.18152660131454468
    ],
    "\u00f1": [
        0.6976083517074585,
        0.57973712682724,
        -0.15495602786540985
    ],
    "u": [
        0.5851708650588989,
        0.6198387145996094,
        -0.1965167075395584
    ],
    "i": [
        0.6197057962417603,
        0.6337438821792603,
        -0.2710128426551819
    ],
    "o": [
        0.6588149666786194,
        0.6287730932235718,
        -0.18857121467590332
    ],
    "p": [
        0.7021603584289551,
        0.6350946426391602,
        -0.17082683742046356
    ],
    "r": [
        0.4742721617221832,
        0.6169402003288269,
        -0.12756192684173584
    ],
    "e": [
        0.43616756796836853,
        0.6387295722961426,
        -0.1343461573123932
    ],
    "w": [
        0.4019981026649475,
        0.6366246938705444,
        -0.12263857573270798
    ],
    "q": [
        0.3547765016555786,
        0.6172576546669006,
        -0.11745159327983856
    ]
}