{
    "l": [
        0.5297961097497207,
        0.6248791676301223,
        -0.08647964894771576,
        1.0
    ],
    "s": [
        0.22627383222182593,
        0.6106339395046234,
        -0.08274180628359318,
        1.0
    ],
    "a": [
        0.18080711364746094,
        0.6160293817520142,
        -0.07345125079154968,
        1.0
    ],
    "f": [
        0.3082250456015269,
        0.6103498389323553,
        -0.11728100044031937,
        1.0
    ],
    "j": [
        0.4423489524767949,
        0.6092121234306922,
        -0.095238463809857,
        1.0
    ],
    "k": [
        0.48085829118887585,
        0.6229409078756968,
        -0.09674850665032864,
        1.0
    ],
    "d": [
        0.2679153382778168,
        0.6096029728651047,
        -0.10051163534323375,
        1.0
    ],
    ".": [
        0.535317063331604,
        0.5732252597808838,
        -0.09906493127346039,
        1.0
    ]
}