{"f": [0.3028947114944458, 0.6309011876583099, -0.15810051560401917, 1.0], "i": [0.4708704724907875, 0.694129690527916, -0.13924630731344223, 1.0], "j": [0.43331219255924225, 0.6361752152442932, -0.1366010084748268, 1.0], "a": [0.16411886736750603, 0.6166079044342041, -0.10419363714754581, 1.0], "t": [0.335068479180336, 0.6650084853172302, -0.146950863301754, 1.0], "e": [0.2378586009144783, 0.6883145670096079, -0.12243819609284401, 1.0], " ": [0.3606929127126932, 0.5305340550839901, -0.07758909906260669, 1.0], "q": [0.14693386852741241, 0.6801277101039886, -0.10299936309456825, 1.0], "u": [0.4192918539047241, 0.6823973953723907, -0.14387023448944092, 1.0], "p": [0.565243273973465, 0.684553861618042, -0.10360855236649513, 1.0], "o": [0.5109174102544785, 0.7120425999164581, -0.13814586214721203, 1.0], "n": [0.41272954642772675, 0.5997514128684998, -0.13251818716526031, 1.0], "z": [0.1801057681441307, 0.5969168543815613, -0.11165021732449532, 1.0], "\u00f1": [0.5707051753997803, 0.6564547419548035, -0.10824574530124664, 1.0], "d": [0.25406351685523987, 0.6365516781806946, -0.1318896859884262, 1.0], "w": [0.18762239068746567, 0.6838731467723846, -0.1055685542523861, 1.0], "h": [0.3897394984960556, 0.6185382604598999, -0.12862271815538406, 1.0], "s": [0.19418757408857346, 0.6174111068248749, -0.11277150735259056, 1.0], "k": [0.4928045868873596, 0.6479920744895935, -0.12310570478439331, 1.0], "y": [0.38019023835659027, 0.6854938566684723, -0.1296168975532055, 1.0]}