{"j": [0.41635167598724365, 0.5003852546215057, -0.15235764533281326], "k": [0.45715245604515076, 0.5201349258422852, -0.17142747342586517], "l": [0.4970822334289551, 0.5186858773231506, -0.16413307189941406], "\u00f1": [0.5465739369392395, 0.5214574337005615, -0.1606217473745346], "f": [0.29880639910697937, 0.5054062008857727, -0.1816512867808342], "d": [0.25486257672309875, 0.5289230346679688, -0.18023991584777832], "s": [0.21332699060440063, 0.5330935716629028, -0.1530950963497162], "a": [0.16602810472249985, 0.5091931521892548, -0.14898096770048141], "i": [0.4432436227798462, 0.5514341592788696, -0.16836385428905487], "t": [0.3261873722076416, 0.5486931800842285, -0.14787140488624573], "e": [0.2284257411956787, 0.5816715359687805, -0.16186578571796417]}