{"f": [0.2541818618774414, 0.44848233461380005, -0.11319706588983536, 1.0], "i": [0.4191633462905884, 0.48602254688739777, -0.11041518673300743, 1.0], "j": [0.3882794976234436, 0.43720299005508423, -0.10801921784877777, 1.0], "a": [0.12355204671621323, 0.45153455436229706, -0.07267932780086994, 1.0], "t": [0.28504493832588196, 0.5079153776168823, -0.10407979786396027, 1.0], "e": [0.19976641237735748, 0.5124911069869995, -0.10827412207921346, 1.0], " ": [0.3260408192873001, 0.3458484970033169, -0.06080882530659437, 1.0], "q": [0.10572955012321472, 0.5031148195266724, -0.07418426126241684, 1.0], "u": [0.3672627806663513, 0.4970250725746155, -0.09310901165008545, 1.0], "p": [0.5042787194252014, 0.4792943000793457, -0.09021107852458954, 1.0], "o": [0.46824225783348083, 0.5096335808436075, -0.11581437289714813, 1.0], "n": [0.3684408664703369, 0.4083126187324524, -0.10908187180757523, 1.0], "z": [0.14329856634140015, 0.42548367381095886, -0.07307348772883415, 1.0], "\u00f1": [0.5080975890159607, 0.44529974460601807, -0.09638455510139465, 1.0], "d": [0.20954880118370056, 0.474661648273468, -0.10954782366752625, 1.0], "w": [0.14963287115097046, 0.5171248912811279, -0.09386680275201797, 1.0], "h": [0.3426177203655243, 0.4360976219177246, -0.0934116467833519, 1.0], "s": [0.15500755608081818, 0.46902137994766235, -0.08931425213813782, 1.0], "k": [0.4337925314903259, 0.4464055895805359, -0.10823862999677658, 1.0], "y": [0.32834962010383606, 0.5105274319648743, -0.07522640377283096, 1.0]}