{"f": [0.2957087457180023, 0.6211388111114502, -0.15909673273563385, 1.0], "i": [0.4696458876132965, 0.661513090133667, -0.15448293089866638, 1.0], "j": [0.43455609679222107, 0.6191951632499695, -0.1462687999010086, 1.0], "a": [0.1628110110759735, 0.6301917433738708, -0.10545036196708679, 1.0], "t": [0.3272828161716461, 0.6657291054725647, -0.14528360962867737, 1.0], "e": [0.2357635647058487, 0.6881700158119202, -0.1276630014181137, 1.0]}