{"f": [0.2670930325984955, 0.6327214042345682, -0.18487552305062613, 1.0], "i": [0.43007054428259534, 0.6905601322650909, -0.21377499649922052, 1.0], "j": [0.3962950309117635, 0.6322391033172607, -0.21169798076152802, 1.0], "a": [0.13970325887203217, 0.6077006544385638, -0.09371676828180041, 1.0], "t": [0.2893105049928029, 0.6740091244379679, -0.19099468986193338, 1.0], "e": [0.20665363470713297, 0.6883007884025574, -0.187172027097808, 1.0], " ": [0.3337213790842465, 0.5270825730902808, -0.10689363282706056, 1.0], "q": [0.12596189975738525, 0.680134117603302, -0.1055950994292895, 1.0], "u": [0.3820335865020752, 0.686532735824585, -0.2229358305533727, 1.0], "p": [0.5114627281824747, 0.699470321337382, -0.15116233627001444, 1.0], "o": [0.4746184100707372, 0.7029022872447968, -0.16999435424804688, 1.0], "n": [0.3777422209580739, 0.5931632320086161, -0.21259498596191406, 1.0], "z": [0.1562725305557251, 0.5814306735992432, -0.09418594092130661, 1.0], "\u00f1": [0.5243067542711893, 0.6552327473958334, -0.14669239024321237, 1.0], "d": [0.22382917006810507, 0.644949197769165, -0.17279983560244241, 1.0], "w": [0.15576115250587463, 0.6860694090525309, -0.15095369517803192, 1.0], "h": [0.3597896794478099, 0.6312597990036011, -0.18992173175017038, 1.0], "s": [0.16647707919279733, 0.6253015995025635, -0.13630829254786173, 1.0], "k": [0.4475083251794179, 0.6374371846516927, -0.23266450564066568, 1.0], "y": [0.34164543946584064, 0.6843814651171366, -0.19130449990431467, 1.0]}