{"f": [0.31581249833106995, 0.5723264217376709, -0.12422235310077667], "i": [0.4830318093299866, 0.6003328561782837, -0.12707069516181946], "j": [0.4437040686607361, 0.5782275199890137, -0.11736662685871124], "a": [0.18529030680656433, 0.5681459307670593, -0.1010110005736351], "t": [0.319080650806427, 0.5805877447128296, -0.12470649927854538], "e": [0.25159427523612976, 0.6233177185058594, -0.1177392415702343], " ": [0.3824155181646347, 0.47059454023838043, -0.06390042789280415], "q": [0.1642150580883026, 0.620423436164856, -0.10503557324409485], "u": [0.43570804595947266, 0.598517894744873, -0.13345937430858612], "p": [0.5634349584579468, 0.6235947608947754, -0.12255940586328506], "o": [0.5117167234420776, 0.6311909258365631, -0.12685691192746162], "n": [0.43622347712516785, 0.5561189651489258, -0.13666321337223053], "z": [0.1979304850101471, 0.5306292772293091, -0.10503742098808289], "\u00f1": [0.5670909881591797, 0.5866739749908447, -0.1280815452337265]}