{"f": [0.32224681973457336, 0.6219706535339355, -0.1271328330039978], "i": [0.4901571273803711, 0.6703111529350281, -0.13538837432861328], "j": [0.44866257905960083, 0.6222953796386719, -0.13291476666927338], "a": [0.20368747413158417, 0.6174824237823486, -0.08905772864818573], "t": [0.3505881428718567, 0.6644293069839478, -0.11730372905731201], "e": [0.2553408443927765, 0.6933774352073669, -0.11002790182828903]}