{"f": [0.295951783657074, 0.5162478685379028, -0.128571555018425, 1.0], "i": [0.45767781138420105, 0.5674859285354614, -0.12165242433547974, 1.0], "j": [0.42360252141952515, 0.5216885805130005, -0.11345258355140686, 1.0], "a": [0.1639481484889984, 0.51878821849823, -0.10075483471155167, 1.0], "t": [0.3142280876636505, 0.5704803466796875, -0.11663801968097687, 1.0], "e": [0.2358023226261139, 0.5776736736297607, -0.11287744343280792, 1.0]}