{"f": [0.280862495303154, 0.5539317429065704, -0.17053961753845215], "i": [0.43971608579158783, 0.6019577980041504, -0.14952415600419044], "j": [0.4030493199825287, 0.5511627793312073, -0.14311181753873825], "a": [0.15509432181715965, 0.5580690205097198, -0.13212472200393677], "t": [0.30370262265205383, 0.5925353467464447, -0.13648656755685806], "e": [0.22048521786928177, 0.6021921038627625, -0.14661356061697006], " ": [0.34072222709655764, 0.46056476831436155, -0.08665454275906086], "q": [0.1313612200319767, 0.6104777455329895, -0.1277640238404274], "u": [0.3933621793985367, 0.5918252766132355, -0.14726687967777252], "p": [0.5327831208705902, 0.6092604398727417, -0.1329611986875534], "o": [0.4854985997080803, 0.6135977506637573, -0.14666640013456345], "n": [0.3860592693090439, 0.5192123055458069, -0.1541321724653244], "z": [0.17239557951688766, 0.522133857011795, -0.12428001686930656], "\u00f1": [0.5400969386100769, 0.5663787722587585, -0.13832012563943863], "d": [0.23925978690385818, 0.561702698469162, -0.16522707790136337], "w": [0.1645987555384636, 0.6116345822811127, -0.1355995237827301], "h": [0.3716652989387512, 0.5480623841285706, -0.13714662194252014], "s": [0.188402459025383, 0.54864701628685, -0.13484123349189758], "k": [0.4588576555252075, 0.5548668801784515, -0.15446656197309494], "y": [0.35577714443206787, 0.5981877148151398, -0.14532280713319778]}